{"train_steps_per_second":14.292,"train/loss":0.1351,"train/grad_norm":0.4324149787425995,"train_runtime":46932.7592,"_runtime":46932,"eval/loss":0.13907097280025482,"eval/steps_per_second":3.594,"eval/samples_per_second":10.775,"train_samples_per_second":42.875,"total_flos":0,"_wandb":{"runtime":46932},"train_loss":0.1474195018402907,"_timestamp":1.7582175405362725e+09,"_step":10,"train/global_step":67075,"train/epoch":5,"eval/runtime":192.5666,"train/learning_rate":9.006728832525178e-06}