{"train_runtime":37471.1183,"train/epoch":8,"_wandb":{"runtime":37475},"total_flos":0,"train/grad_norm":0.00924751628190279,"eval/runtime":152.4463,"train_samples_per_second":53.716,"_step":16,"train_steps_per_second":13.429,"train/loss":0.0581,"eval/samples_per_second":13.611,"train_loss":0.05911338499884916,"train/global_step":80512,"_timestamp":1.7616683721590776e+09,"_runtime":37475,"eval/steps_per_second":3.404,"eval/loss":0.05777115374803543,"train/learning_rate":8.408374776208475e-06}