{"_timestamp":1.7582764557069173e+09,"eval/samples_per_second":15.417,"train/epoch":9,"eval/loss":0.11546289920806885,"eval/steps_per_second":5.142,"train_steps_per_second":26.067,"total_flos":0,"train/loss":0.1116,"_wandb":{"runtime":25738},"_step":18,"train/learning_rate":8.206132040283476e-06,"train_runtime":25731.2769,"train/grad_norm":0.178726464509964,"_runtime":25738,"train_loss":0.12351552146747008,"train/global_step":120735,"train_samples_per_second":78.202,"eval/runtime":134.5893}