{"train_loss":0.12632724456907174,"eval/runtime":134.3271,"eval/steps_per_second":5.152,"train/epoch":9,"train/grad_norm":0.4073835611343384,"_wandb":{"runtime":21594},"eval/loss":0.11808472126722336,"train/loss":0.1157,"train/learning_rate":8.206132040283476e-06,"train/global_step":120735,"total_flos":0,"train_steps_per_second":31.065,"_timestamp":1.7583621925630057e+09,"train_runtime":21591.9375,"train_samples_per_second":93.195,"_runtime":21594,"_step":18,"eval/samples_per_second":15.447}