{"_runtime":2172,"_step":1,"eval/loss":0.2209392637014389,"eval/samples_per_second":14.91,"train/learning_rate":9.807325624766879e-06,"_timestamp":1.757484028441944e+09,"train/epoch":1,"train/grad_norm":0.07032450288534164,"_wandb":{"runtime":2172},"train/loss":0.2442,"train/global_step":13415,"eval/runtime":139.1724,"eval/steps_per_second":4.972}