{"train/global_step":67075,"_wandb":{"runtime":9478},"train/grad_norm":0.4178180694580078,"eval/runtime":194.1971,"total_flos":0,"train_runtime":9471.0298,"_runtime":9478,"train/epoch":5,"_timestamp":1.7582401185378337e+09,"eval/steps_per_second":3.563,"_step":2,"train/learning_rate":9.006728832525178e-06,"train_samples_per_second":212.464,"train/loss":0.135,"eval/samples_per_second":10.685,"train_steps_per_second":70.821,"eval/loss":0.13886676728725433,"train_loss":0.027008033436801155}