{"train_samples_per_second":77.608,"_step":24,"_timestamp":1.7575466913476987e+09,"train_loss":0.19830207611436593,"train/grad_norm":0.2917858958244324,"eval/steps_per_second":4.893,"train/loss":0.1823,"train/epoch":12,"train/global_step":160980,"train_steps_per_second":25.869,"_runtime":25931,"eval/samples_per_second":14.673,"_wandb":{"runtime":25931},"eval/loss":0.19115681946277618,"total_flos":0,"train_runtime":25928.2555,"train/learning_rate":7.605684446102202e-06,"eval/runtime":141.4167}