{"eval/runtime":149.3175,"train/loss":0.1985,"_runtime":21647,"train/epoch":10,"_timestamp":1.7581112897878823e+09,"train/learning_rate":8.005982842223052e-06,"train_loss":0.21769048610464034,"train_samples_per_second":93.008,"train/global_step":134150,"_step":20,"train_runtime":21635.1983,"eval/steps_per_second":4.634,"train_steps_per_second":31.003,"total_flos":0,"eval/loss":0.20559170842170715,"train/grad_norm":0.20672938227653503,"eval/samples_per_second":13.897,"_wandb":{"runtime":21647}}